Timestamp,Temperature,Humidity,SquareFootage,Occupancy,HVACUsage,LightingUsage,RenewableEnergy,DayOfWeek,Holiday,EnergyClass
2/5/2022 13:00,0.891353121099494,0.805721681840163,0.831444745402713,0.844151965371507,2,2,0.889445882619742,5,2,1
1/20/2022 14:00,0.889027835880954,0.805721681840163,0.831444745402713,0.844151965371507,1,2,1.63054580057218,4,2,0
1/13/2022 2:00,1.63686113503584,0.805721681840163,0.831444745402713,0.844151965371507,2,1,0.889445882619742,3,2,1
1/7/2022 20:00,0.889027835880954,0.805721681840163,0.126809712970714,0.844151965371507,2,1,0.889445882619742,6,1,0
1/15/2022 22:00,0.235323896779483,0.805721681840163,1.63935753382883,0.844151965371507,2,1,0.758841689469045,4,1,1
1/8/2022 8:00,0.889027835880954,1.02928797221663,0.831444745402713,0.844151965371507,1,2,0.889445882619742,7,2,0
2/1/2022 17:00,0.235117142797745,1.4562680546143,0.831444745402713,0.495184637809908,1,1,0.0181441398421783,4,1,0
1/7/2022 23:00,0.889027835880954,0.652316590176752,0.831444745402713,0.14621731024831,2,2,1.28359287822025,6,1,0
1/14/2022 10:00,0.974557623741068,0.805721681840163,0.831444745402713,0.14621731024831,2,2,0.889445882619742,3,2,1
2/7/2022 21:00,0.889027835880954,0.805721681840163,0.938238571580117,0.844151965371507,2,2,0.493929770444244,6,2,0
1/5/2022 13:00,0.883208428463739,0.805721681840163,0.831444745402713,0.844151965371507,1,2,0.889445882619742,6,2,0
1/11/2022 11:00,1.58924363054238,0.805721681840163,0.831444745402713,0.14621731024831,1,1,0.889445882619742,7,2,0
1/1/2022 16:00,1.53111721945105,1.35683655548713,0.418867500642374,0.844151965371507,2,2,0.0367241902845976,1,1,1
1/19/2022 14:00,0.889027835880954,1.05859568823735,0.0137903545293897,0.14621731024831,1,2,1.09101991532833,5,1,0
1/31/2022 23:00,0.889027835880954,1.69784846407146,0.119563512409892,0.844151965371507,1,2,0.621722871304388,5,2,0
1/9/2022 18:00,1.34531522789641,0.805721681840163,0.831444745402713,0.844151965371507,2,2,0.889445882619742,7,2,1
2/4/2022 23:00,1.55081680284579,0.805721681840163,0.227129621613046,1.19311929293311,2,1,0.889445882619742,4,2,1
1/7/2022 3:00,0.889027835880954,0.805721681840163,0.831444745402713,0.14621731024831,1,1,1.28250831385232,5,2,0
1/17/2022 16:00,0.889027835880954,0.805721681840163,1.25311701911111,1.19311929293311,2,2,0.889445882619742,7,2,0
2/10/2022 3:00,0.151007611640433,0.805721681840163,1.6933218699098,0.844151965371507,2,2,0.889445882619742,1,2,1
2/2/2022 3:00,0.452342108788804,0.805721681840163,1.1355171143768,0.844151965371507,1,2,0.889445882619742,1,1,1
1/8/2022 21:00,0.924810965312505,1.54094551560291,0.254045571726129,1.19311929293311,1,2,0.889445882619742,2,1,1
2/10/2022 18:00,0.631213225919546,0.654077645137774,0.831444745402713,0.844151965371507,1,2,0.889445882619742,5,1,1
1/27/2022 6:00,0.889027835880954,0.805721681840163,0.24125206428206,0.844151965371507,1,1,0.912877604961799,1,1,0
1/3/2022 21:00,0.889027835880954,0.365214125039444,1.16667178849177,0.844151965371507,1,2,0.889445882619742,1,1,0
1/1/2022 9:00,0.889027835880954,0.805721681840163,0.71204718785037,0.844151965371507,2,1,1.60157684414598,6,1,0
1/25/2022 16:00,0.444046551629317,0.828958533154778,0.831444745402713,0.14621731024831,1,2,0.0418506075294729,4,2,1
2/9/2022 1:00,1.63065257237168,0.949313846899316,0.831444745402713,0.844151965371507,2,1,0.889445882619742,7,1,1
1/5/2022 1:00,0.889027835880954,1.49317509116075,0.831444745402713,1.5420866204947,1,1,0.889445882619742,1,1,0
1/4/2022 9:00,0.889027835880954,0.887585670925924,0.831444745402713,1.19311929293311,2,1,0.678659348864474,2,1,0
2/3/2022 14:00,1.06824140857149,0.0958192748036246,0.475515880911168,0.14621731024831,1,2,0.889445882619742,4,2,1
2/7/2022 8:00,0.889027835880954,1.0820825399907,0.68927759607768,0.14621731024831,2,2,0.889445882619742,7,2,0
1/23/2022 22:00,0.889027835880954,0.805721681840163,1.56310581089646,1.19311929293311,1,2,0.889445882619742,6,2,0
1/21/2022 15:00,0.889027835880954,0.0259114067695051,0.831444745402713,0.844151965371507,1,1,0.889445882619742,7,2,0
1/15/2022 13:00,1.62742508395437,0.805721681840163,0.654379033816982,0.844151965371507,1,2,0.889445882619742,4,1,1
1/4/2022 17:00,0.175595398776104,1.16517007951391,0.831444745402713,0.844151965371507,2,1,0.914850888025939,5,2,0
1/30/2022 22:00,0.066168433121858,0.805721681840163,0.831444745402713,0.844151965371507,2,2,0.889445882619742,1,2,0
1/3/2022 23:00,0.889027835880954,1.26091716382282,0.831444745402713,1.19311929293311,1,2,0.500810752694475,6,1,0
2/6/2022 8:00,1.75433594294055,1.24133005150859,0.831444745402713,0.844151965371507,2,2,0.889445882619742,7,2,1
1/13/2022 10:00,0.889027835880954,0.490943260857788,0.774958022377424,1.19311929293311,2,1,1.32116205113019,7,1,1
1/5/2022 9:00,0.889027835880954,1.64526056370239,0.831444745402713,0.844151965371507,1,2,1.68363254461684,3,1,0
2/3/2022 0:00,1.31818290706763,0.805721681840163,0.911458808810039,0.844151965371507,2,2,0.254649602630351,1,1,1
1/12/2022 15:00,0.889027835880954,0.606844799172355,1.54784962480598,0.844151965371507,1,2,0.642985934844146,1,1,0
1/13/2022 15:00,1.19480938723094,1.53379369155445,0.395726854788339,0.844151965371507,1,2,0.546041995756464,5,2,1
2/9/2022 13:00,1.25532851220669,0.805721681840163,0.831444745402713,0.14621731024831,1,1,1.01555166471028,3,2,0
2/7/2022 18:00,1.76303008305782,0.810970877568938,0.831444745402713,0.844151965371507,1,2,0.889445882619742,5,2,0
2/9/2022 20:00,0.941875886873964,0.805721681840163,1.21362732525846,1.5420866204947,2,1,1.57386587015135,1,1,1
1/14/2022 9:00,0.889027835880954,1.1393478208175,0.831444745402713,0.844151965371507,2,2,1.34817864739821,5,2,0
2/5/2022 11:00,0.128971870051234,0.805721681840163,1.06208030085475,0.844151965371507,2,2,0.0294115231718927,2,2,0
2/9/2022 9:00,0.889027835880954,0.109061278246989,0.959082627086636,0.495184637809908,1,1,1.57247608450314,5,1,0
2/1/2022 4:00,1.02797598867077,0.805721681840163,0.831444745402713,1.5420866204947,2,1,0.889445882619742,7,1,1
1/15/2022 0:00,1.71095639628004,0.805721681840163,1.0139698778061,1.19311929293311,2,2,0.889445882619742,5,1,1
1/24/2022 23:00,0.409591354662496,0.805721681840163,0.831444745402713,1.19311929293311,1,1,0.889445882619742,6,1,1
1/22/2022 13:00,0.889027835880954,0.805721681840163,0.404159031829564,1.19311929293311,1,1,0.889445882619742,3,1,0
1/6/2022 3:00,0.889027835880954,0.301520299736404,0.831444745402713,0.844151965371507,2,2,1.46492609696524,4,2,0
1/28/2022 12:00,1.74716929290717,1.44801049339126,0.335519855109614,1.5420866204947,1,2,1.55719638093422,2,1,1
1/30/2022 3:00,1.76623870195329,0.409889157544889,0.436683786188428,1.19311929293311,1,1,1.02552539410615,2,1,1
2/11/2022 1:00,1.0797173667071,0.252807858690789,0.831444745402713,0.844151965371507,1,2,1.55008545481556,3,2,1
2/6/2022 20:00,0.889027835880954,0.805721681840163,1.53712639450288,0.844151965371507,1,2,0.889445882619742,1,2,0
1/5/2022 22:00,1.43482479813383,0.805721681840163,0.831444745402713,1.19311929293311,1,1,0.889445882619742,6,1,1
1/24/2022 9:00,0.571664275664105,0.805721681840163,1.27713894571237,0.844151965371507,2,2,0.889445882619742,3,2,1
1/14/2022 7:00,0.889027835880954,1.4102568832584,0.831444745402713,0.844151965371507,1,2,0.889445882619742,4,1,0
2/4/2022 19:00,1.49707549519734,1.28980821244563,1.05306663620767,0.844151965371507,2,1,0.889445882619742,1,1,1
1/5/2022 3:00,1.65822445823575,0.805721681840163,0.831444745402713,0.14621731024831,2,2,0.889445882619742,4,2,1
2/7/2022 4:00,1.65569435956822,1.31957130154275,1.65587638000838,0.844151965371507,1,2,0.889445882619742,4,2,1
1/3/2022 9:00,0.0145147227500245,0.805721681840163,0.831444745402713,0.844151965371507,1,1,0.889445882619742,5,2,0
1/17/2022 19:00,1.44529066050769,0.805721681840163,0.951598886592094,0.495184637809908,1,1,0.461952636620272,6,2,1
1/27/2022 7:00,0.432219161427778,0.805721681840163,0.75355804624658,0.14621731024831,2,2,0.889445882619742,5,1,0
1/6/2022 23:00,0.0648136698397457,0.805721681840163,0.0696334234206571,0.844151965371507,2,2,0.889445882619742,7,1,1
1/1/2022 1:00,0.969252651377644,1.03657767548703,0.831444745402713,0.844151965371507,2,2,0.765908407530656,3,1,1
2/10/2022 10:00,0.30135871376676,0.805721681840163,0.831444745402713,0.844151965371507,1,1,0.55254539610417,4,2,1
1/3/2022 22:00,0.889027835880954,0.805721681840163,0.831444745402713,0.495184637809908,1,1,0.597967009139944,2,2,0
2/9/2022 19:00,0.889027835880954,0.479708974356976,0.831444745402713,0.844151965371507,2,2,1.47699571749409,3,2,0
2/11/2022 14:00,0.055109930990916,0.805721681840163,0.831444745402713,0.844151965371507,2,1,0.605122407438898,5,2,0
2/10/2022 13:00,0.858689665073085,1.02317478751777,0.842343331775467,0.844151965371507,1,2,0.889445882619742,1,1,1
1/9/2022 13:00,0.889027835880954,0.805721681840163,1.1410645980862,0.844151965371507,1,2,0.889445882619742,1,1,0
2/2/2022 16:00,0.889027835880954,1.39538964747362,0.831444745402713,0.844151965371507,2,1,0.889445882619742,4,2,0
2/8/2022 19:00,0.889027835880954,1.39196798942832,0.0754588085001704,0.844151965371507,1,1,0.691185407520511,4,1,0
1/9/2022 14:00,0.650413960210576,0.878283318154183,0.831444745402713,0.844151965371507,1,1,1.02439070577782,6,1,0
1/24/2022 19:00,0.0156925609115554,0.805721681840163,0.831444745402713,0.495184637809908,1,2,0.889445882619742,4,1,0
1/14/2022 2:00,0.96056745075362,0.805721681840163,1.23717098218715,0.844151965371507,2,1,1.24144495619118,2,1,1
2/9/2022 11:00,0.919134087469576,0.805721681840163,0.0758187745415201,1.19311929293311,1,1,0.889445882619742,5,1,1
1/11/2022 2:00,0.889027835880954,1.05006806883352,0.831444745402713,0.844151965371507,1,1,0.889445882619742,4,1,0
2/4/2022 0:00,1.15727631850753,1.3379513538017,1.49810617408845,0.495184637809908,1,1,1.27906891580869,5,1,1
1/23/2022 23:00,0.120955802482223,0.805721681840163,0.831444745402713,0.844151965371507,2,2,0.889445882619742,6,2,1
1/24/2022 0:00,1.63446120187611,0.805721681840163,0.831444745402713,0.844151965371507,1,2,0.889445882619742,3,1,0
2/1/2022 15:00,1.64684547386172,0.805721681840163,0.831444745402713,0.844151965371507,2,1,1.55596121029,6,1,1
2/1/2022 11:00,1.52127783366223,0.22957076321334,0.831444745402713,0.844151965371507,1,1,0.889445882619742,1,1,1
2/9/2022 5:00,0.889027835880954,0.416817404738234,1.48431782190028,0.844151965371507,1,1,0.889445882619742,6,2,0
1/4/2022 21:00,0.889027835880954,0.805721681840163,0.735837007588168,1.19311929293311,1,1,1.61685556439892,7,2,1
1/17/2022 1:00,1.08136303012371,0.868336001039249,0.831444745402713,0.844151965371507,2,2,1.48848183489005,3,1,1
1/3/2022 15:00,0.141254980531587,0.763864384696287,0.831444745402713,0.844151965371507,1,1,1.44241376248746,6,1,0
2/6/2022 23:00,0.889027835880954,1.50564728323026,0.16688132782665,1.19311929293311,1,1,0.889445882619742,1,2,0
2/2/2022 6:00,0.605988513989841,1.16628468050368,1.05068045047508,0.14621731024831,2,2,1.65064752334698,3,2,1
1/6/2022 7:00,0.906223076289325,0.805721681840163,0.831444745402713,0.844151965371507,1,1,0.282161144136706,2,1,0
1/29/2022 6:00,1.62571812367334,0.805721681840163,1.71273449343143,0.844151965371507,1,1,0.889445882619742,6,2,1
1/23/2022 19:00,0.380043322609399,0.805721681840163,0.831444745402713,0.844151965371507,1,1,1.41437981035537,5,2,1
1/11/2022 8:00,0.889027835880954,0.805721681840163,1.57377279661395,0.844151965371507,2,2,0.889445882619742,7,1,0
2/7/2022 5:00,1.18507268223823,0.628275002812127,0.831444745402713,0.844151965371507,1,1,1.69357902586954,2,2,1
2/3/2022 15:00,1.25518176140087,0.805721681840163,0.831444745402713,1.19311929293311,2,2,0.889445882619742,1,2,1
1/23/2022 13:00,0.26562095684601,0.805721681840163,0.831444745402713,0.495184637809908,1,2,0.889445882619742,5,1,0
1/18/2022 1:00,0.889027835880954,0.461535213867891,0.358934352668121,1.5420866204947,2,2,0.889445882619742,1,1,1
1/10/2022 15:00,0.889027835880954,0.168649021865059,0.686462797617103,1.19311929293311,2,2,0.889445882619742,6,2,0
1/20/2022 5:00,1.48377015930372,1.16586305941751,0.831444745402713,0.844151965371507,1,2,1.33123331175062,2,1,1
2/9/2022 14:00,0.889027835880954,0.805721681840163,0.831444745402713,1.19311929293311,2,2,1.35994229200893,4,2,1
1/14/2022 1:00,0.889027835880954,1.19756014471533,0.831444745402713,0.844151965371507,2,2,1.25394446302897,2,1,1
1/31/2022 8:00,1.15327275799469,0.909262378076156,1.52849335335253,0.844151965371507,1,2,0.889445882619742,3,1,1
2/9/2022 8:00,1.2479135726833,0.805721681840163,0.464076632971005,0.844151965371507,2,2,0.889445882619742,5,2,1
1/3/2022 3:00,0.889027835880954,0.228727032715327,1.45298226503156,0.495184637809908,1,1,0.889445882619742,1,1,0
2/2/2022 7:00,0.889027835880954,0.724001140767133,1.2929392501482,0.844151965371507,1,1,0.199297432343805,4,1,0
1/6/2022 14:00,1.57793104376098,1.29218936470428,0.778533190635039,1.5420866204947,1,1,0.889445882619742,7,1,0
1/25/2022 21:00,0.292887246697282,0.805721681840163,1.16253018712163,0.844151965371507,2,1,0.889445882619742,6,1,1
1/4/2022 15:00,0.0907581519776803,0.805721681840163,0.352822703381578,0.844151965371507,1,1,0.889445882619742,5,2,0
2/10/2022 21:00,0.889027835880954,0.904830905981989,1.56049639427987,0.844151965371507,2,2,0.966582634083664,7,1,0
1/18/2022 6:00,0.889027835880954,0.864010179846784,0.0502077910415998,0.14621731024831,2,2,0.296978319879699,7,2,1
2/3/2022 4:00,0.186110315561675,0.805721681840163,1.56128131517485,1.19311929293311,1,1,0.930287798665511,6,1,1
1/7/2022 2:00,0.373255099373554,0.25153704396319,0.831444745402713,1.19311929293311,2,2,0.889445882619742,5,2,1
2/8/2022 8:00,0.349619773648414,1.22045053835929,1.58910005294951,0.844151965371507,2,1,0.889445882619742,3,1,1
1/7/2022 17:00,1.53613597292881,0.0781897755749984,0.952926084760117,0.14621731024831,2,1,0.0317577253913865,3,2,1
1/17/2022 8:00,0.889027835880954,0.863600749294417,0.358087660503437,0.844151965371507,1,1,0.889445882619742,5,2,0
1/30/2022 7:00,1.60852887406497,0.194177972913901,0.831444745402713,0.844151965371507,1,2,0.763278702736746,2,1,1
1/29/2022 10:00,0.278351468518395,1.09972956142425,0.200107998803608,1.19311929293311,2,2,1.36648943048011,5,2,1
1/14/2022 13:00,1.23847211419543,0.490042392735025,0.831444745402713,1.19311929293311,1,1,1.33399812416022,4,2,1
1/22/2022 3:00,0.889027835880954,0.54359565308313,1.43198805638307,0.844151965371507,2,1,0.889445882619742,7,1,0
1/14/2022 22:00,1.74789940909833,0.734072641681961,0.282441445796387,1.19311929293311,2,1,0.889445882619742,1,1,1
1/12/2022 7:00,0.889027835880954,0.805721681840163,1.23024278092719,0.844151965371507,1,2,0.213001611022956,4,2,0
1/23/2022 10:00,0.889027835880954,0.805721681840163,0.831444745402713,0.844151965371507,1,2,1.43201187787613,4,1,0
1/30/2022 2:00,1.56762745645487,0.805721681840163,0.831444745402713,0.844151965371507,2,1,1.47235646700079,5,1,0
1/15/2022 20:00,0.58490926645324,1.15827189252179,0.831444745402713,1.19311929293311,1,1,0.889445882619742,3,1,1
1/11/2022 7:00,1.64896207161586,0.805721681840163,0.23625411465237,0.844151965371507,2,1,1.08775711854798,1,2,1
1/11/2022 16:00,1.20705252026927,0.62564966072064,0.831444745402713,0.14621731024831,2,2,0.889445882619742,2,2,1
1/2/2022 16:00,0.889027835880954,0.818901740702982,0.0593444261434815,0.844151965371507,2,1,0.889445882619742,3,2,0
1/4/2022 20:00,0.578512977955832,0.805721681840163,0.831444745402713,0.495184637809908,1,1,1.38024748344108,4,1,1
1/21/2022 2:00,0.91336326387166,0.997098043064399,0.831444745402713,0.844151965371507,1,2,0.889445882619742,3,1,0
1/30/2022 12:00,0.889027835880954,0.0183783717577699,0.831444745402713,0.495184637809908,2,1,0.889445882619742,1,1,0
1/8/2022 15:00,0.347132884881618,0.805721681840163,0.403947294645573,0.844151965371507,2,2,1.4012746574809,5,1,0
2/2/2022 20:00,0.889027835880954,0.0795613638169172,0.985832402221345,0.844151965371507,1,2,1.31222142780494,5,2,0
1/29/2022 7:00,0.889027835880954,0.693121868317264,0.330715412234182,0.844151965371507,2,1,1.23074286749785,1,2,1
1/29/2022 19:00,1.0612842585235,0.805721681840163,0.831444745402713,0.844151965371507,2,1,0.0008613129992899,5,1,1
1/11/2022 12:00,0.60695801895316,0.805721681840163,0.831444745402713,0.844151965371507,2,2,1.4043798664415,4,2,0
1/20/2022 19:00,1.36593519486706,0.805721681840163,0.831444745402713,0.844151965371507,1,1,0.796454171730961,2,1,0
2/9/2022 22:00,1.73486030160685,0.805721681840163,0.616676473359805,0.14621731024831,1,1,0.889445882619742,7,1,1
1/30/2022 19:00,0.889027835880954,1.3636207372175,1.38049321195619,0.844151965371507,2,2,0.0716508044026605,1,1,0
1/19/2022 4:00,1.4629791540239,0.635625132862375,0.671615073007443,1.5420866204947,2,1,0.889445882619742,6,2,1
1/29/2022 15:00,0.737881180543373,0.0968842966517629,0.831444745402713,0.844151965371507,2,2,0.186084187888504,5,1,1
1/20/2022 13:00,0.681951304465035,1.5060051789906,0.730404890808962,0.14621731024831,2,1,0.889445882619742,1,2,0
2/2/2022 12:00,0.889027835880954,0.805721681840163,0.831444745402713,0.495184637809908,1,2,0.364428226671782,5,1,0
1/25/2022 4:00,0.889027835880954,1.58778929043997,0.831444745402713,0.14621731024831,2,2,0.309336632833232,5,1,0
1/2/2022 19:00,0.889027835880954,0.805721681840163,0.831444745402713,1.19311929293311,1,2,0.612432636842684,2,2,0
1/29/2022 22:00,0.889027835880954,0.805721681840163,0.831444745402713,1.19311929293311,2,1,1.17876838531682,6,1,0
2/5/2022 18:00,1.44714975080066,0.805721681840163,0.831444745402713,0.844151965371507,2,2,1.52527452433242,6,1,1
1/18/2022 3:00,0.889027835880954,0.805721681840163,0.238186977068794,1.19311929293311,2,1,0.736957932871322,6,1,1
1/5/2022 2:00,0.540682233977243,1.55668548326541,0.831444745402713,1.19311929293311,1,1,1.23504343538277,2,1,0
1/28/2022 17:00,0.889027835880954,0.805721681840163,0.901171572860042,1.19311929293311,2,1,0.0854294681239279,6,2,0
1/16/2022 17:00,0.102207732263124,0.805721681840163,1.34837676305507,1.5420866204947,2,1,0.98052949400336,7,2,1
1/8/2022 20:00,0.889027835880954,0.805721681840163,0.831444745402713,0.844151965371507,2,1,1.12274827706963,4,2,0
2/4/2022 4:00,0.889027835880954,0.805721681840163,0.831444745402713,0.844151965371507,2,1,0.889445882619742,3,1,0
2/2/2022 18:00,1.23824378698865,0.696409391753324,0.831444745402713,0.844151965371507,2,2,0.889445882619742,6,2,1
1/21/2022 8:00,1.70852345467599,0.805721681840163,1.32690617087964,0.844151965371507,2,1,0.466117620095589,4,2,1
1/9/2022 4:00,0.889027835880954,0.805721681840163,0.799110678981185,0.844151965371507,2,2,0.889445882619742,6,2,0
1/19/2022 3:00,1.48548744441745,0.805721681840163,0.831444745402713,0.495184637809908,2,2,0.889445882619742,2,2,1
2/2/2022 9:00,0.817660581206251,1.47622230566077,0.831444745402713,1.19311929293311,1,1,0.889445882619742,3,1,0
2/3/2022 13:00,0.391084150205971,1.00550345192662,0.770140841084562,1.5420866204947,2,1,0.518290174129981,7,1,0
1/14/2022 12:00,1.6494931924312,0.805721681840163,0.831444745402713,0.844151965371507,2,2,0.251064446286893,2,2,0
2/4/2022 18:00,1.1823166710141,0.204497986987131,0.679393516823882,0.844151965371507,2,2,0.409564018336852,7,2,1
1/9/2022 15:00,0.889027835880954,1.06133286160227,0.831444745402713,0.844151965371507,2,1,0.664507158847405,5,1,0
2/6/2022 9:00,0.0235503649046531,1.70717904699703,0.540281198795199,1.19311929293311,2,1,0.560706469388062,1,2,0
2/7/2022 6:00,0.889027835880954,0.805721681840163,0.831444745402713,1.5420866204947,2,2,0.889445882619742,4,2,0
2/6/2022 7:00,1.1899440081031,0.805721681840163,1.64618620970166,0.844151965371507,2,1,0.889445882619742,7,1,1
2/7/2022 14:00,0.371522328773287,0.805721681840163,0.203362387082416,0.844151965371507,1,1,0.889445882619742,1,1,0
1/31/2022 4:00,0.889027835880954,1.25139041953728,0.831444745402713,0.844151965371507,1,1,0.851750904720642,3,1,0
1/17/2022 14:00,1.1039925148065,0.805721681840163,0.831444745402713,1.19311929293311,2,2,0.189349868300137,7,1,0
1/19/2022 7:00,0.889027835880954,1.47692758996257,0.831444745402713,1.5420866204947,1,2,0.889445882619742,2,2,0
1/10/2022 13:00,0.889027835880954,0.589858056256676,0.831444745402713,0.844151965371507,2,2,0.889445882619742,1,2,0
1/20/2022 11:00,1.26858337309878,0.805721681840163,0.831444745402713,0.844151965371507,2,1,0.889445882619742,6,1,1
1/22/2022 6:00,1.54819911406457,0.805721681840163,1.49646042187085,0.844151965371507,2,1,0.889445882619742,1,1,1
1/30/2022 1:00,1.00250294495061,0.805721681840163,0.831444745402713,0.844151965371507,2,2,0.889445882619742,7,2,1
1/8/2022 9:00,0.889027835880954,0.990325639843052,0.831444745402713,0.844151965371507,2,1,1.48980126656666,6,1,0
1/28/2022 4:00,1.44704569171517,1.21210754362153,0.883305099890938,0.495184637809908,1,2,1.42070595199016,3,1,0
2/3/2022 16:00,1.20771043665728,0.805721681840163,0.831444745402713,1.19311929293311,2,2,1.6110772338137,2,2,1
1/31/2022 11:00,0.889027835880954,0.805721681840163,0.814339002817313,0.844151965371507,1,2,1.04714373656994,5,2,0
1/19/2022 22:00,0.889027835880954,0.805721681840163,0.870328345076708,0.844151965371507,2,2,1.50705427263736,1,1,1
1/17/2022 5:00,0.734849194190433,1.24695052030376,0.850646619886502,0.844151965371507,2,1,0.889445882619742,3,2,0
1/19/2022 13:00,0.889027835880954,0.230256033205908,0.831444745402713,0.844151965371507,1,2,1.62923147413494,5,2,0
1/21/2022 9:00,0.889027835880954,0.805721681840163,1.61164548463411,0.14621731024831,2,2,0.889445882619742,7,1,0
1/21/2022 13:00,1.31276570458348,1.65602408078194,0.831444745402713,0.844151965371507,1,2,1.13776343548152,5,1,1
1/31/2022 21:00,1.0353498932411,1.70903448967518,0.0389328943434017,1.19311929293311,1,2,0.889445882619742,3,2,1
1/4/2022 1:00,0.285699026963903,0.805721681840163,1.21273995961123,0.844151965371507,2,1,1.22836252248941,7,2,1
1/2/2022 15:00,0.889027835880954,0.380107868925757,1.59112696954383,0.844151965371507,2,2,0.581405000933018,2,2,0
2/2/2022 5:00,1.40390639041076,1.62673654223696,1.64400816222075,1.5420866204947,1,1,1.67949322568861,6,1,1
1/31/2022 22:00,0.889027835880954,0.805721681840163,1.37787133082936,0.844151965371507,1,2,0.519039586679938,3,2,0
1/14/2022 17:00,0.889027835880954,0.617353169611887,1.61896672536053,0.844151965371507,2,2,0.889445882619742,7,1,0
1/7/2022 19:00,0.889027835880954,0.805721681840163,1.26911423507145,0.844151965371507,2,2,0.889445882619742,7,1,0
1/26/2022 8:00,0.468860804752352,0.705876996983193,0.831444745402713,1.19311929293311,2,1,0.889445882619742,2,1,1
1/7/2022 18:00,1.0798398335346,0.805721681840163,0.831444745402713,0.844151965371507,2,1,0.697871438230524,5,2,1
1/4/2022 7:00,0.254050383198433,0.929842859837601,0.831444745402713,1.19311929293311,2,1,1.33597139807723,4,1,0
1/26/2022 11:00,0.540801602297426,0.0465209415604838,0.178709218849687,0.844151965371507,1,2,1.34396557291111,3,1,0
1/8/2022 2:00,0.0787194287716345,0.382031384906351,0.114956705699485,0.844151965371507,1,1,0.889445882619742,7,1,0
1/2/2022 0:00,0.615944092040713,0.0937533614148024,0.117312137550046,1.19311929293311,2,1,0.394266403553013,7,1,1
1/19/2022 5:00,0.889027835880954,1.56232013698214,0.831444745402713,0.844151965371507,1,2,0.889445882619742,6,2,0
1/28/2022 1:00,0.764169702745135,0.805721681840163,0.831444745402713,0.844151965371507,2,1,1.02231661910501,3,2,0
1/12/2022 8:00,0.0085519961502851,0.805721681840163,0.92426173311359,0.844151965371507,2,1,0.281052252988776,7,2,1
1/22/2022 15:00,0.825408291250911,0.895943939927133,0.831444745402713,1.5420866204947,2,2,0.889445882619742,6,2,1
2/4/2022 11:00,1.33362808480785,0.805721681840163,0.831848609403526,1.5420866204947,2,1,1.65086613507043,7,1,1
1/24/2022 16:00,0.314471268924403,1.47929362525498,0.831444745402713,0.844151965371507,1,2,0.136196602929409,1,1,0
1/30/2022 16:00,0.931687212241563,0.805721681840163,1.39776356235484,0.495184637809908,1,2,0.697154120656807,1,2,1
1/10/2022 20:00,1.67032611744831,0.805721681840163,1.16626407245454,0.14621731024831,1,2,0.889445882619742,5,2,1
1/1/2022 5:00,1.61940580507686,0.805721681840163,1.28860045641201,0.495184637809908,1,1,0.285147578817405,4,2,1
1/17/2022 23:00,1.37077317388408,0.805721681840163,1.43996256919941,0.844151965371507,2,1,0.889445882619742,5,1,1
1/26/2022 7:00,1.52671571753711,0.805721681840163,1.38602440685637,1.19311929293311,1,2,0.134305655427758,6,1,1
1/13/2022 12:00,0.889027835880954,0.534673521710871,0.695579784212841,1.5420866204947,2,2,0.889445882619742,1,1,0
1/1/2022 12:00,0.14342042119522,0.258907245841802,0.831444745402713,0.844151965371507,2,1,0.762027676694038,6,2,1
1/25/2022 8:00,0.889027835880954,0.164617977992612,0.797591842868646,1.19311929293311,2,2,0.889445882619742,3,1,0
1/22/2022 17:00,0.40653002942851,0.364285977589273,0.831444745402713,1.19311929293311,2,2,0.889445882619742,5,2,1
1/5/2022 17:00,0.889027835880954,0.805721681840163,1.37608327863132,0.844151965371507,2,2,0.926154252716797,2,1,1
1/6/2022 15:00,0.889027835880954,0.805721681840163,0.831444745402713,0.844151965371507,1,1,1.26121625621183,5,2,0
1/3/2022 17:00,0.889027835880954,0.805721681840163,0.556422597414437,1.19311929293311,2,1,0.889445882619742,4,1,0
1/4/2022 4:00,0.889027835880954,0.805721681840163,0.831444745402713,0.495184637809908,1,1,0.381642237403519,4,1,0
1/31/2022 6:00,0.93048985595143,1.41675294580142,0.831444745402713,0.844151965371507,2,1,0.902591535535305,5,1,1
2/2/2022 8:00,0.272367676298912,0.447921098048399,0.831444745402713,0.844151965371507,1,1,0.889445882619742,1,1,0
1/12/2022 21:00,0.217058686097298,0.805721681840163,0.831444745402713,0.844151965371507,2,2,0.889445882619742,3,2,1
1/13/2022 22:00,1.35899872268477,0.805721681840163,0.795365778419044,0.14621731024831,2,2,0.889445882619742,2,2,1
1/9/2022 8:00,0.889027835880954,0.496544126194637,0.831444745402713,0.844151965371507,1,1,0.889445882619742,3,2,0
2/9/2022 12:00,0.889027835880954,0.868758967368729,1.51005523263296,0.14621731024831,1,1,0.406011357156371,1,2,0
1/2/2022 13:00,1.73847893867939,0.932671623611796,1.47054742970185,0.844151965371507,2,1,1.22517071883606,5,1,1
1/3/2022 20:00,0.830003226032631,0.643423711390189,0.831444745402713,0.844151965371507,2,2,1.42805741663524,7,2,1
2/1/2022 1:00,0.70550739793867,0.0244172699143637,0.831444745402713,0.14621731024831,1,2,0.889445882619742,4,1,0
1/19/2022 1:00,0.898030890833152,1.69045739448756,0.42979787411665,0.844151965371507,1,2,1.38390256269786,2,2,1
1/16/2022 23:00,1.33846790036903,0.0870062548716965,0.108530909148491,0.844151965371507,1,1,0.889445882619742,6,1,1
1/16/2022 2:00,0.169554409309971,0.805721681840163,0.831444745402713,0.844151965371507,2,1,0.889445882619742,4,2,1
1/24/2022 21:00,0.889027835880954,0.805721681840163,0.544181935206489,0.495184637809908,1,1,0.889445882619742,1,2,0
1/4/2022 14:00,0.889027835880954,0.0927268292549616,0.414327125090906,0.844151965371507,1,2,0.189331814161382,3,2,0
1/23/2022 12:00,0.889027835880954,0.805721681840163,0.831444745402713,0.844151965371507,1,1,1.29615279953451,3,2,0
1/25/2022 12:00,1.57728906758925,0.805721681840163,0.831444745402713,1.19311929293311,1,1,0.889445882619742,3,1,1
1/19/2022 15:00,0.889027835880954,0.745473387368754,0.831444745402713,0.844151965371507,2,1,0.889445882619742,5,1,0
1/7/2022 22:00,0.385256658116921,0.805721681840163,0.110370126514195,0.495184637809908,1,2,0.889445882619742,5,1,1
1/28/2022 21:00,0.90109696429167,0.805721681840163,0.831444745402713,1.5420866204947,2,1,0.674261418976817,4,2,0
1/22/2022 11:00,0.872213493320893,0.805721681840163,0.831444745402713,0.844151965371507,2,1,0.796961729711831,1,1,1
1/21/2022 21:00,0.889027835880954,1.3172261844316,0.831444745402713,0.844151965371507,2,1,0.853739170776184,6,2,0
2/2/2022 0:00,0.158380025120215,0.042330944161483,0.569916308689935,0.844151965371507,2,1,0.889445882619742,3,2,0
2/3/2022 3:00,0.889027835880954,0.805721681840163,1.14749041890745,0.844151965371507,2,2,0.233356044861297,2,1,0
1/13/2022 4:00,1.74335986674443,1.03108660360304,0.831444745402713,0.844151965371507,2,1,0.889445882619742,1,1,1
1/1/2022 8:00,0.144517017834287,0.117849918285165,0.831444745402713,0.495184637809908,2,1,0.889445882619742,4,1,0
2/6/2022 16:00,0.492500039743271,1.31803248171511,0.0148660365631857,0.844151965371507,2,2,0.889445882619742,2,1,1
2/8/2022 0:00,1.75706448355312,0.805721681840163,0.938448450355904,1.5420866204947,1,2,1.43503373708671,4,1,1
1/9/2022 20:00,0.233031766294296,0.756470705622092,0.831444745402713,0.14621731024831,2,1,0.889445882619742,6,2,1
2/3/2022 2:00,0.889027835880954,0.616935490346852,0.831444745402713,0.844151965371507,2,1,0.889445882619742,7,2,0
1/10/2022 6:00,1.55201247416835,0.514443344358577,1.56018868903491,1.19311929293311,1,1,1.03212143882667,2,2,1
2/11/2022 8:00,0.930559313275969,0.807587508481912,1.2270987356355,1.19311929293311,1,1,0.889445882619742,3,2,1
2/6/2022 15:00,1.42263736067648,0.805721681840163,1.70219642784874,0.844151965371507,2,1,0.889445882619742,3,1,1
1/6/2022 16:00,0.889027835880954,0.805721681840163,0.831444745402713,0.844151965371507,1,1,0.889445882619742,6,1,0
2/8/2022 5:00,0.189801360414535,0.716895369585529,0.831444745402713,0.844151965371507,2,1,0.889445882619742,7,1,0
1/19/2022 12:00,0.889027835880954,0.805721681840163,1.33845716601462,1.19311929293311,1,2,0.889445882619742,7,2,0
2/4/2022 5:00,0.889027835880954,1.48647681953218,0.831444745402713,0.844151965371507,1,2,0.889445882619742,5,1,0
2/8/2022 4:00,1.41174667849614,1.21272619355005,0.831444745402713,1.19311929293311,2,2,0.889445882619742,1,1,1
1/31/2022 2:00,0.545609174347255,0.744786128857721,0.831444745402713,0.844151965371507,2,2,1.16130181787928,4,2,1
1/5/2022 19:00,0.537337548662408,1.26450725783397,0.831444745402713,0.844151965371507,1,1,0.889445882619742,6,1,0
1/8/2022 14:00,1.60459425622129,0.805721681840163,1.5577551659008,0.844151965371507,1,2,0.889445882619742,6,2,1
1/5/2022 11:00,0.889027835880954,1.54770765576821,0.831444745402713,0.844151965371507,1,1,1.15222464283591,2,1,0
2/4/2022 17:00,1.40219027913428,0.805721681840163,0.831444745402713,0.844151965371507,1,2,0.95822587520274,5,1,1
1/26/2022 4:00,0.889027835880954,1.02212233888173,0.831444745402713,0.844151965371507,1,1,0.889445882619742,4,2,0
1/18/2022 23:00,0.889027835880954,0.739608624267238,0.977507402632371,0.844151965371507,2,1,0.889445882619742,1,2,0
1/31/2022 0:00,0.477605441021374,1.70851161496604,0.0584199720772987,0.14621731024831,2,2,0.889445882619742,7,1,0
1/28/2022 16:00,0.882876419350411,0.805721681840163,0.831444745402713,0.495184637809908,2,2,1.47718956337552,5,2,1
2/11/2022 11:00,1.28218136812026,0.405538969371128,0.831444745402713,0.14621731024831,1,1,0.69311003931144,3,1,0
2/1/2022 23:00,0.447767675620946,0.148356647552368,0.402922711903032,1.19311929293311,2,1,0.889445882619742,7,1,1
2/8/2022 2:00,1.51694891930549,1.55454333942253,0.628402477846484,0.844151965371507,1,2,0.346313104032315,6,1,0
1/28/2022 5:00,1.36206944566679,0.805721681840163,0.831444745402713,0.844151965371507,1,2,0.889445882619742,3,2,0
2/4/2022 15:00,0.889027835880954,0.805721681840163,0.831444745402713,0.844151965371507,2,1,1.28548939060432,2,2,0
1/19/2022 21:00,0.889027835880954,0.805721681840163,0.298981937577467,0.844151965371507,1,1,0.889445882619742,4,1,0
1/11/2022 22:00,1.62500830816896,1.39230667027794,0.831444745402713,0.844151965371507,1,1,0.889445882619742,3,2,1
1/26/2022 12:00,1.60363726866355,0.805721681840163,0.968785743841555,0.495184637809908,1,2,0.717110787173651,1,1,1
1/17/2022 15:00,1.10973484553219,0.805721681840163,0.923197912300814,0.844151965371507,2,2,0.889445882619742,6,2,1
1/11/2022 5:00,0.611980043665037,0.317635699450486,0.831444745402713,0.844151965371507,2,1,1.14390405511899,6,1,1
1/25/2022 15:00,1.19154971522792,0.805721681840163,0.013903186951382,0.844151965371507,2,2,0.889445882619742,7,1,1
1/8/2022 3:00,0.350564120424296,0.805721681840163,0.33068295249984,0.844151965371507,2,2,0.122616254603725,6,1,1
1/5/2022 6:00,0.889027835880954,0.805721681840163,0.254695511856558,1.5420866204947,2,2,1.42980687068428,1,1,0
1/11/2022 10:00,0.677526241205316,0.805721681840163,0.831444745402713,0.844151965371507,2,1,0.889445882619742,5,1,1
2/1/2022 5:00,1.16787892058278,0.805721681840163,0.831444745402713,0.844151965371507,1,1,0.889445882619742,2,2,0
2/8/2022 1:00,0.889027835880954,0.805721681840163,0.831444745402713,1.19311929293311,2,1,0.889445882619742,7,2,1
2/7/2022 0:00,0.889027835880954,0.492633495684474,1.18597768876165,0.844151965371507,2,1,0.889445882619742,2,2,0
1/15/2022 11:00,0.889027835880954,0.805721681840163,1.29067872886887,1.19311929293311,2,1,1.59285159903535,5,1,0
1/30/2022 21:00,1.0629203338401,0.729351050143379,0.857689879497686,0.844151965371507,2,1,1.18424405810365,3,1,1
1/8/2022 19:00,0.889027835880954,0.805721681840163,0.196265438196903,1.5420866204947,2,2,0.889445882619742,5,2,1
1/15/2022 4:00,1.4527840955499,0.805721681840163,0.831444745402713,0.844151965371507,2,2,0.399319595772296,4,1,1
1/21/2022 17:00,1.5668368189074,0.805721681840163,1.20811779676288,0.844151965371507,1,2,0.889445882619742,5,1,1
1/21/2022 10:00,1.50618025274794,0.805721681840163,0.35906370966754,0.844151965371507,1,2,0.889445882619742,7,2,1
1/29/2022 4:00,1.64326825597124,0.805721681840163,0.831444745402713,1.19311929293311,1,2,1.37734414467767,3,1,1
1/9/2022 22:00,1.07465346103334,0.805721681840163,0.831444745402713,0.844151965371507,2,2,0.889445882619742,6,1,1
1/20/2022 4:00,0.293968629277644,0.805721681840163,0.831444745402713,1.5420866204947,2,2,1.58431781240642,1,2,1
1/16/2022 7:00,0.864050262516758,0.807935395913777,0.879943846206031,0.844151965371507,2,2,0.522213329334195,7,1,1
1/25/2022 18:00,0.789301752033235,0.298489505303343,0.831444745402713,0.844151965371507,2,2,1.03124273623278,2,2,0
1/3/2022 5:00,0.889027835880954,0.805721681840163,0.831444745402713,0.14621731024831,1,1,0.889445882619742,2,1,0
1/12/2022 5:00,0.889027835880954,0.805721681840163,1.34194459382818,1.19311929293311,1,2,0.889445882619742,4,1,1
1/16/2022 3:00,0.889027835880954,0.805721681840163,0.831444745402713,0.844151965371507,2,2,0.889445882619742,4,1,1
1/22/2022 22:00,1.41112806626814,0.805721681840163,0.717244035698418,1.5420866204947,2,1,0.889445882619742,6,2,1
2/8/2022 20:00,1.75597725293675,0.805721681840163,0.831444745402713,0.495184637809908,2,1,1.41994887986607,5,2,1
1/18/2022 20:00,0.811217737548207,0.805721681840163,0.831444745402713,0.844151965371507,2,1,0.889445882619742,4,1,1
1/23/2022 9:00,0.9833737371807,0.120956243551857,0.831444745402713,0.844151965371507,1,2,0.889445882619742,7,2,0
2/8/2022 7:00,0.889027835880954,1.19720362471865,0.790361726553459,0.495184637809908,2,1,0.889445882619742,6,1,1
1/26/2022 14:00,0.889027835880954,0.805721681840163,0.831444745402713,0.14621731024831,1,2,0.697854269076152,1,2,0
1/19/2022 6:00,0.889027835880954,0.926605237180754,0.831444745402713,0.495184637809908,2,1,0.889445882619742,1,2,0
1/24/2022 7:00,0.889027835880954,0.805721681840163,1.39233929873717,0.495184637809908,1,1,0.889445882619742,3,1,0
1/3/2022 0:00,0.835664540838215,0.805721681840163,0.831444745402713,0.495184637809908,1,2,0.805199659430098,3,1,1
1/12/2022 2:00,0.889027835880954,0.28128459819999,0.831444745402713,0.844151965371507,2,1,0.889445882619742,6,2,0
1/24/2022 6:00,0.889027835880954,0.200196681856153,1.37077590403564,0.495184637809908,1,1,0.0151871749127299,2,1,0
1/26/2022 21:00,0.889027835880954,0.958205680950676,0.643326341717643,0.844151965371507,2,1,0.0233604893371859,5,2,0
2/1/2022 19:00,1.37887314790336,0.805721681840163,1.1596435001616,0.844151965371507,2,1,0.44758123917321,3,2,1
1/15/2022 10:00,0.889027835880954,0.805721681840163,0.831444745402713,0.844151965371507,2,1,0.724842029031353,3,1,0
1/26/2022 19:00,1.13854196773154,0.639617343105609,0.831444745402713,0.495184637809908,2,2,0.889445882619742,2,1,1
1/16/2022 1:00,0.741376607005654,1.2173889864523,0.464277306385259,0.14621731024831,2,1,0.889445882619742,5,2,1
2/10/2022 22:00,0.889027835880954,0.805721681840163,0.793564689626141,0.14621731024831,1,2,1.46009112085624,4,1,0
1/8/2022 17:00,1.75298989354934,1.13877635653052,0.831444745402713,0.14621731024831,1,1,1.35620165054117,1,1,1
1/29/2022 12:00,1.48658803139814,0.37442658128158,0.831444745402713,1.5420866204947,1,2,0.672598063388977,2,2,1
1/21/2022 0:00,0.889027835880954,0.162956168180478,0.188555547453248,0.844151965371507,2,1,1.23027138806633,1,1,0
1/20/2022 18:00,1.47462364769257,0.805721681840163,1.25612665572287,0.844151965371507,1,1,0.889445882619742,2,2,1
1/14/2022 21:00,0.591534685865809,0.805721681840163,0.831444745402713,0.844151965371507,1,2,0.889445882619742,3,2,1
1/15/2022 2:00,0.889027835880954,0.805721681840163,0.831444745402713,0.844151965371507,1,2,1.58034519297823,2,1,0
1/19/2022 11:00,1.07558917499417,0.805721681840163,0.32720092308474,0.14621731024831,1,2,1.67714117273904,3,1,1
1/29/2022 23:00,0.400475648347684,0.805721681840163,0.266723843992823,0.844151965371507,1,1,0.889445882619742,2,1,0
2/5/2022 12:00,1.34492801318221,0.805721681840163,0.0171979262650409,0.844151965371507,1,1,0.314012068211216,4,2,1
1/18/2022 4:00,0.889027835880954,0.584995161347179,0.725812611580598,1.19311929293311,2,1,0.889445882619742,1,1,0
1/8/2022 5:00,0.0948566205805493,0.805721681840163,1.11929375856889,0.844151965371507,2,2,0.889445882619742,2,2,1
1/15/2022 8:00,0.889027835880954,0.492376234922997,0.347307433236774,1.5420866204947,1,2,0.477098791014988,1,2,0
1/17/2022 3:00,1.02011721881759,0.805721681840163,1.02890169885417,0.844151965371507,1,1,0.889445882619742,3,1,0
1/31/2022 10:00,0.889027835880954,0.805721681840163,1.07767225554094,0.844151965371507,1,1,0.889445882619742,6,1,0
1/8/2022 1:00,0.889027835880954,0.805721681840163,0.831444745402713,0.14621731024831,1,2,0.889445882619742,1,1,0
1/20/2022 6:00,0.889027835880954,1.19294985973487,1.41359618783783,0.844151965371507,2,2,0.889445882619742,4,2,0
2/1/2022 22:00,0.889027835880954,0.805721681840163,0.831444745402713,1.5420866204947,1,2,0.889445882619742,7,2,0
1/24/2022 18:00,0.889027835880954,0.370565549868665,0.578412729099844,0.844151965371507,2,2,0.889445882619742,7,2,0
1/13/2022 19:00,0.889027835880954,0.472534440817229,0.734352656042792,0.844151965371507,2,1,1.05801954175188,4,2,0
2/3/2022 18:00,0.889027835880954,1.32268586965281,0.831444745402713,0.844151965371507,2,2,0.889445882619742,1,1,0
1/26/2022 3:00,1.49725929766466,0.805721681840163,0.831444745402713,0.844151965371507,2,2,0.0829500757549034,4,1,1
1/16/2022 10:00,0.889027835880954,1.13975182461611,0.831444745402713,0.495184637809908,2,2,0.0668524659610472,7,1,1
1/22/2022 21:00,0.872443583046056,1.11224590353391,0.831184606393105,0.844151965371507,1,2,1.11497798956378,5,1,0
1/2/2022 7:00,0.889027835880954,0.675156631105486,0.831444745402713,0.844151965371507,2,1,0.769763486397485,3,1,0
2/10/2022 14:00,0.889027835880954,0.805721681840163,0.831444745402713,1.19311929293311,1,2,0.889445882619742,6,2,0
2/2/2022 22:00,0.889027835880954,0.805721681840163,1.59149569368056,0.495184637809908,1,2,0.762078595310957,5,1,0
1/21/2022 6:00,0.627003281553824,1.3185372543326,1.50528487213187,0.844151965371507,2,2,0.317273177346931,6,2,1
1/22/2022 1:00,1.03206202446894,0.805721681840163,0.831444745402713,0.844151965371507,1,1,0.946437584806028,3,1,1
2/8/2022 21:00,0.889027835880954,0.805721681840163,0.831444745402713,1.5420866204947,2,1,0.889445882619742,5,2,0
2/2/2022 21:00,0.889027835880954,0.596482568406027,1.28665614883611,1.5420866204947,1,2,0.585286473830184,4,2,0
1/24/2022 4:00,0.889027835880954,0.805721681840163,0.831444745402713,1.19311929293311,1,1,0.889445882619742,6,1,1
1/13/2022 13:00,1.65327281088301,1.30867700709292,0.831444745402713,1.19311929293311,1,2,0.889445882619742,5,1,0
1/8/2022 4:00,0.967406649546214,0.932486885081334,0.872585527462193,0.844151965371507,2,1,0.744867072597328,7,2,1
1/2/2022 2:00,0.715401598049281,0.850128044840939,0.697606402629729,1.5420866204947,2,2,1.01973781349038,5,1,1
1/29/2022 14:00,1.61571035392804,1.28292670834869,0.414086866888468,0.844151965371507,2,2,0.162070197275498,4,2,1
1/12/2022 6:00,0.889027835880954,0.805721681840163,0.767872043647801,0.844151965371507,2,2,0.889445882619742,7,2,0
1/2/2022 17:00,0.763554820006031,0.805721681840163,0.831444745402713,1.19311929293311,2,1,0.213152166990055,3,2,1
2/4/2022 6:00,1.16453571225835,1.31571138647048,1.59860368553274,0.844151965371507,2,2,1.38934161839832,6,2,1
2/7/2022 11:00,0.889027835880954,1.67496731692098,0.831444745402713,0.844151965371507,1,2,1.67082315489499,4,1,0
1/12/2022 19:00,0.889027835880954,0.866526276677925,1.27285420530436,0.844151965371507,1,1,0.889445882619742,6,1,0
2/1/2022 0:00,1.12880192805404,0.805721681840163,1.25450821101089,0.844151965371507,2,1,0.889445882619742,2,2,1
1/4/2022 5:00,0.889027835880954,0.805721681840163,0.831444745402713,0.844151965371507,1,2,0.892215268592043,3,2,0
2/7/2022 7:00,0.889027835880954,0.805721681840163,0.0756465250646877,0.844151965371507,2,2,0.150628831047149,2,1,0
1/20/2022 2:00,0.547507244496833,1.16311000138205,0.514696985388085,0.14621731024831,1,2,0.889445882619742,6,1,0
1/10/2022 0:00,0.889027835880954,0.651761895650577,0.831444745402713,0.14621731024831,1,1,1.56712478746713,5,1,1
1/25/2022 17:00,0.889027835880954,0.455616545951456,0.429704468301314,0.844151965371507,2,2,0.152131902700029,7,1,0
1/5/2022 4:00,0.889027835880954,1.05549332357355,0.831444745402713,1.5420866204947,2,1,1.13350422861087,7,2,0
2/4/2022 2:00,0.889027835880954,0.348875200120079,1.4075758016497,0.844151965371507,1,1,0.556956944918154,6,2,0
1/27/2022 21:00,1.58451951726315,1.64349968364647,0.831444745402713,0.844151965371507,1,2,1.41940644046589,4,1,0
1/4/2022 23:00,0.977539395945204,0.805721681840163,0.831444745402713,1.19311929293311,2,1,0.889445882619742,7,2,1
1/15/2022 9:00,1.47149668274886,0.805721681840163,0.831444745402713,0.844151965371507,2,2,0.774575958291229,4,2,1
1/29/2022 13:00,0.889027835880954,0.690850085748095,0.986338603491849,1.5420866204947,2,1,0.396553886944405,2,1,0
2/3/2022 22:00,0.364084892465224,0.805721681840163,0.946426444220444,0.844151965371507,1,2,0.505518508296662,4,2,1
1/12/2022 4:00,0.889027835880954,0.805721681840163,0.831444745402713,1.19311929293311,2,2,0.889445882619742,6,2,0
1/24/2022 13:00,1.34178543585065,1.07820426809921,1.17224525524423,0.844151965371507,2,2,0.441730432483295,5,2,1
1/25/2022 0:00,0.889027835880954,0.805721681840163,0.779612721238063,0.844151965371507,2,1,0.928060442759533,5,2,0
1/3/2022 11:00,0.832922478184593,0.805721681840163,0.831444745402713,0.844151965371507,1,2,0.289408270952543,3,1,1
1/9/2022 6:00,1.06396540854172,1.4565930916917,0.831444745402713,0.844151965371507,2,2,0.889445882619742,5,2,1
1/20/2022 17:00,0.889027835880954,0.805721681840163,0.446818726279531,0.844151965371507,2,2,0.889445882619742,5,2,0
1/31/2022 17:00,0.776679966595021,0.805721681840163,0.831444745402713,0.844151965371507,2,1,0.889445882619742,7,1,1
1/19/2022 10:00,0.856764004460699,0.805721681840163,0.831444745402713,0.844151965371507,1,2,0.889445882619742,7,1,0
1/4/2022 11:00,0.889027835880954,0.805721681840163,1.41154109000865,0.844151965371507,2,2,0.889445882619742,2,1,0
1/29/2022 5:00,0.810603517516016,1.02513038625999,0.249333099253726,0.844151965371507,1,1,1.46438182242302,2,2,0
1/13/2022 3:00,0.889027835880954,0.504539454186173,1.7041376669708,0.844151965371507,2,2,0.812234832486384,6,1,0
2/8/2022 3:00,0.791582997204875,0.63830443494019,0.831444745402713,0.844151965371507,1,1,0.1968657216527,1,2,1
1/18/2022 10:00,0.889027835880954,0.805721681840163,1.15566553926163,0.844151965371507,1,1,0.889445882619742,1,2,0
1/15/2022 7:00,1.64450763422472,1.31883979673506,1.49385805056298,0.844151965371507,2,1,0.889445882619742,4,2,1
2/5/2022 19:00,0.375482802761676,0.805721681840163,0.779257387348505,0.14621731024831,1,1,1.00396316010956,6,2,1
1/10/2022 4:00,0.889027835880954,1.06375218073778,1.04468934115052,0.495184637809908,2,1,0.657332773402905,2,1,0
1/11/2022 15:00,1.10860545547604,0.100806634065504,0.831444745402713,0.844151965371507,2,2,0.889445882619742,4,2,1
2/3/2022 19:00,0.282430478918288,0.729465824283284,0.196668653835152,0.844151965371507,1,2,0.889445882619742,1,2,0
1/12/2022 3:00,0.411013079543113,0.805721681840163,0.831444745402713,0.14621731024831,2,1,0.97857035925543,3,2,0
1/16/2022 4:00,0.889027835880954,0.719131815453767,0.451650417718538,0.495184637809908,2,1,1.40254191281084,7,2,0
1/23/2022 0:00,0.649711180679583,0.805721681840163,1.32666306959003,0.495184637809908,2,1,0.822103375657129,2,1,1
2/5/2022 7:00,0.889027835880954,1.5308470323472,0.831444745402713,0.844151965371507,2,1,0.286655556759671,2,2,1
1/27/2022 1:00,1.03889540695086,0.805721681840163,0.831444745402713,1.19311929293311,1,2,1.12881496849624,3,2,1
1/2/2022 14:00,0.889027835880954,0.805721681840163,0.536988050916923,0.844151965371507,2,1,0.889445882619742,3,2,0
1/7/2022 21:00,0.889027835880954,0.805721681840163,0.831444745402713,0.844151965371507,2,2,0.0064862257105464,2,2,1
2/1/2022 21:00,0.889027835880954,0.805721681840163,0.831444745402713,0.14621731024831,2,1,1.40765164684238,3,1,1
2/1/2022 6:00,0.910756478029167,0.805721681840163,0.831444745402713,1.19311929293311,2,1,1.49111063754872,4,2,1
1/16/2022 8:00,1.57668501728815,0.805721681840163,0.831444745402713,1.5420866204947,2,1,0.74374328878586,2,1,1
1/28/2022 18:00,0.889027835880954,0.400970931604115,0.831444745402713,0.844151965371507,1,1,0.889445882619742,3,1,0
1/2/2022 1:00,0.889027835880954,1.45020516863312,0.831444745402713,1.19311929293311,1,2,0.889445882619742,6,2,0
1/5/2022 10:00,0.889027835880954,0.596399384006638,1.34751616403346,0.844151965371507,1,1,0.889445882619742,6,1,0
1/10/2022 14:00,0.981481835845472,1.53894729988141,0.831444745402713,0.844151965371507,1,2,0.67783555074739,3,2,1
2/5/2022 2:00,1.63860398724127,0.208139940949465,0.0272730471084831,1.5420866204947,1,2,1.0590345742461,1,1,1
1/1/2022 18:00,0.896121780268407,0.208596983254474,1.15161427178581,1.5420866204947,2,1,0.520945434848862,5,1,1
2/9/2022 21:00,0.889027835880954,0.805721681840163,0.831444745402713,1.19311929293311,2,2,0.67080752045265,1,2,1
2/5/2022 6:00,0.611278589547871,1.40303074919048,0.141561181743501,0.844151965371507,1,2,0.889445882619742,5,2,1
1/12/2022 1:00,1.62765428537027,0.613146583226487,0.831444745402713,0.14621731024831,2,2,0.889445882619742,6,2,1
1/18/2022 0:00,1.75589364611461,0.860733825686523,0.831444745402713,0.14621731024831,1,2,0.641476559678476,7,2,1
1/5/2022 5:00,0.889027835880954,0.971996657527653,0.831444745402713,1.5420866204947,2,2,0.889445882619742,5,1,1
1/27/2022 14:00,0.507652491379942,0.805721681840163,1.52541615528132,0.844151965371507,1,2,0.493749394848347,2,1,0
1/2/2022 12:00,0.889027835880954,1.02121540659935,1.21444734441136,0.844151965371507,1,1,0.677802164883077,6,2,0
2/3/2022 8:00,0.206067691945561,0.805721681840163,0.123984949836295,1.19311929293311,2,1,0.889445882619742,7,1,0
1/24/2022 10:00,0.889027835880954,0.0355618535724335,0.831444745402713,0.844151965371507,1,1,1.02346011154154,5,2,0
1/28/2022 22:00,1.3492844827514,0.805721681840163,0.452381878173027,0.495184637809908,2,2,0.482474014644253,5,1,1
1/12/2022 13:00,1.17608003848213,0.805721681840163,0.831444745402713,0.844151965371507,1,1,1.23119365613171,7,1,0
1/13/2022 1:00,1.17096983850046,0.0747470033138492,0.831444745402713,0.844151965371507,2,2,0.0744796661276902,4,2,1
1/3/2022 6:00,1.75365403162724,1.33742467461301,1.26441059003801,1.19311929293311,2,1,0.889445882619742,1,2,1
1/16/2022 13:00,0.531739606967896,1.66600765255615,0.831444745402713,0.14621731024831,1,1,0.628179365193052,4,2,0
2/6/2022 1:00,0.889027835880954,0.805721681840163,0.831444745402713,0.844151965371507,2,1,1.21664227298498,5,1,0
1/25/2022 13:00,0.110380343190106,0.805721681840163,0.80933561318301,1.5420866204947,2,2,0.889445882619742,5,2,1
2/5/2022 23:00,0.889027835880954,0.805721681840163,0.831444745402713,1.19311929293311,1,1,1.28737093829123,4,1,0
2/11/2022 9:00,1.3221770945077,0.805721681840163,0.831444745402713,1.5420866204947,2,1,0.889445882619742,3,1,1
2/8/2022 22:00,1.76838565027403,0.805721681840163,1.26906354490737,0.844151965371507,2,1,0.682837161183161,7,1,1
1/24/2022 11:00,1.47822213565493,0.223556169823474,1.25227053497719,0.844151965371507,1,1,0.163632350211324,5,2,0
1/31/2022 15:00,1.35368485665357,0.805721681840163,0.28257609717888,1.5420866204947,2,1,1.49236380173199,6,2,1
1/12/2022 10:00,0.889027835880954,0.805721681840163,0.355700368740584,1.19311929293311,1,2,0.889445882619742,4,2,0
1/17/2022 2:00,0.791210210466178,0.882437517525359,1.38348566175924,0.844151965371507,1,2,0.0428864760319584,4,1,0
2/11/2022 12:00,0.889027835880954,0.218458088585647,0.711405135553271,0.844151965371507,1,2,1.21375077860556,6,2,0
1/4/2022 10:00,1.64381858471195,0.805721681840163,0.831444745402713,0.844151965371507,2,2,0.889445882619742,1,1,1
1/21/2022 1:00,0.802391609479109,0.805721681840163,0.831444745402713,0.844151965371507,2,2,0.94370280583928,3,2,1
1/7/2022 5:00,0.889027835880954,0.0866881353499697,0.0985690957306317,0.844151965371507,2,2,1.27506345477014,2,1,0
1/16/2022 14:00,1.71521576518633,1.36380447209785,0.831444745402713,0.844151965371507,1,1,0.578898019690402,3,1,1
2/7/2022 17:00,1.32442257465626,0.805721681840163,0.280757391647012,1.19311929293311,2,2,0.256451616061928,2,1,1
2/10/2022 9:00,0.889027835880954,0.0906020784924291,0.971691406674905,0.844151965371507,2,2,0.858198248053736,6,2,0
1/17/2022 12:00,1.72810246066293,0.805721681840163,0.831444745402713,0.14621731024831,1,1,1.07734559858343,1,1,1
1/4/2022 19:00,1.75140632013041,0.805721681840163,0.623123866971813,0.844151965371507,1,2,0.889445882619742,1,2,1
1/8/2022 6:00,0.497285781240378,0.886394891131927,0.831444745402713,0.844151965371507,1,1,0.889445882619742,4,1,0
2/9/2022 17:00,0.0344579884117156,0.805721681840163,0.831444745402713,0.844151965371507,2,2,1.5044364065105,7,2,0
1/13/2022 21:00,0.889027835880954,1.07899107109338,0.895800845960803,1.19311929293311,2,1,0.889445882619742,2,1,1
1/18/2022 13:00,0.889027835880954,0.782571996657309,0.554241717247887,1.5420866204947,1,1,1.59063700108252,1,2,0
1/25/2022 7:00,0.889027835880954,0.563382714802836,0.831444745402713,0.844151965371507,2,1,1.59657097000638,1,1,1
1/6/2022 21:00,1.62110914867016,0.0025566459355148,0.831444745402713,0.495184637809908,2,1,1.4768703938724,5,2,1
1/25/2022 3:00,0.894531181451194,1.60094627121953,0.831444745402713,0.844151965371507,2,1,1.15771440448263,1,1,0
1/15/2022 12:00,0.858935360136034,0.623412312154232,0.831444745402713,1.5420866204947,2,2,0.889445882619742,5,2,1
2/10/2022 11:00,1.07034651118072,0.805721681840163,1.20976822967278,0.844151965371507,1,1,0.852565638036457,1,1,1
2/4/2022 9:00,0.889027835880954,0.805721681840163,1.53570811352978,1.19311929293311,1,1,0.103710422429909,5,2,0
1/12/2022 17:00,1.50400857629426,0.316034044082734,0.831444745402713,0.844151965371507,2,1,1.20633444597733,5,2,1
2/8/2022 13:00,1.1924404743948,0.428849488603902,0.92302223378347,1.5420866204947,2,2,0.889445882619742,6,2,1
1/14/2022 8:00,1.75868971585661,0.805721681840163,1.27881674506996,0.14621731024831,2,2,1.03080161268028,7,1,1
2/8/2022 23:00,0.868810207794772,1.11108249814996,0.831444745402713,0.495184637809908,1,2,0.105055893685743,1,2,0
1/1/2022 13:00,0.889027835880954,0.805721681840163,1.06095742010662,0.844151965371507,1,1,0.889445882619742,1,2,0
1/20/2022 10:00,0.184093575049196,0.805721681840163,0.831444745402713,1.5420866204947,2,1,0.889445882619742,1,2,1
2/9/2022 18:00,0.701989580442818,0.805721681840163,0.831444745402713,1.5420866204947,1,1,0.28087801168385,3,1,0
2/5/2022 0:00,1.34519680428609,0.805721681840163,0.831444745402713,0.495184637809908,1,1,1.14968006233435,7,1,1
1/19/2022 18:00,0.889027835880954,0.593037545855681,0.831444745402713,1.5420866204947,2,1,0.509527994070383,4,2,0
2/4/2022 14:00,1.39110656241531,0.805721681840163,0.527967053185237,1.5420866204947,1,1,1.46153978540725,4,1,1
1/11/2022 19:00,1.49076224246612,0.805721681840163,1.65442024090248,0.844151965371507,1,1,0.0302431901036012,5,1,0
2/11/2022 4:00,1.47607187379963,0.41544266116123,1.05652076176227,0.495184637809908,2,2,0.889445882619742,5,2,1
1/30/2022 4:00,1.08186977883482,0.767727001993763,0.934576196824086,0.844151965371507,1,1,1.01721369510833,2,2,0
1/4/2022 18:00,1.53975135639241,0.805721681840163,0.831444745402713,0.844151965371507,1,1,1.40454163106738,4,2,0
1/24/2022 17:00,0.296759859144151,0.805721681840163,0.597069358404945,1.5420866204947,1,2,1.32471431784089,3,2,0
1/5/2022 8:00,0.889027835880954,1.02357105440658,0.831444745402713,0.495184637809908,2,2,0.889445882619742,4,2,0
1/17/2022 7:00,1.68573488860876,0.805721681840163,0.831444745402713,0.495184637809908,2,2,0.0215742489799671,3,1,1
1/10/2022 8:00,0.889027835880954,0.601152902183494,0.831444745402713,0.844151965371507,1,1,1.02301902000399,1,2,0
1/1/2022 20:00,1.31236000105142,1.70637927285231,0.831444745402713,1.5420866204947,2,2,0.889445882619742,1,2,1
1/23/2022 1:00,0.889027835880954,0.430413223605349,0.253248585046547,0.844151965371507,1,2,0.889445882619742,7,2,0
1/13/2022 14:00,0.268911381269828,1.55058095226084,0.831444745402713,0.14621731024831,1,1,0.438958404135145,1,2,1
2/6/2022 6:00,0.979082597117992,0.158421205086602,0.612696591642402,0.844151965371507,2,2,0.889445882619742,5,1,1
1/17/2022 10:00,0.889027835880954,0.805721681840163,1.46330975493539,0.844151965371507,2,1,0.889445882619742,3,1,0
1/7/2022 10:00,1.70558103598237,0.805721681840163,0.546816325916904,0.495184637809908,1,2,1.56676626703055,4,1,1
2/4/2022 10:00,1.43502472059431,0.805721681840163,0.831444745402713,0.844151965371507,2,2,1.4107137808461,3,2,1
1/22/2022 23:00,0.889027835880954,0.805721681840163,0.831444745402713,0.844151965371507,2,2,0.521656643286203,1,1,0
1/24/2022 14:00,1.76415284956988,1.33080632992294,1.27792931354632,0.844151965371507,1,2,0.889445882619742,6,2,1
1/10/2022 5:00,0.700808559173082,0.134827932379527,0.832674599039504,0.495184637809908,2,2,0.889445882619742,1,2,1
1/30/2022 10:00,1.63306237210932,0.805721681840163,0.574432254494749,0.844151965371507,2,1,0.889445882619742,7,2,1
1/17/2022 4:00,1.40890196677175,0.686349760908582,0.831444745402713,0.495184637809908,2,2,0.889445882619742,2,1,1
1/2/2022 21:00,1.7646403974057,0.680981674313656,0.0579026411606472,0.844151965371507,2,1,0.111154447980284,2,1,1
1/12/2022 22:00,1.67851792572555,0.805721681840163,0.831444745402713,0.844151965371507,1,2,0.889445882619742,1,1,1
2/6/2022 0:00,0.573331494680576,0.379165251306088,0.831444745402713,0.495184637809908,2,1,1.33224966257428,1,1,0
1/27/2022 15:00,0.889027835880954,1.10454805626146,0.831444745402713,0.844151965371507,2,1,0.523330712444666,5,1,0
2/2/2022 1:00,1.6454487309167,1.27920883148356,0.831444745402713,1.5420866204947,1,2,1.64673984050537,1,2,0
1/19/2022 20:00,0.175697057311546,1.52591236999852,0.831444745402713,1.5420866204947,2,1,0.909533150649628,1,1,1
1/13/2022 8:00,0.889027835880954,0.805721681840163,1.59715452585914,0.14621731024831,1,2,0.823610640123614,4,2,0
1/21/2022 19:00,1.41173831005885,1.26148364272732,1.48778419353283,1.19311929293311,2,1,1.12381287326282,5,1,1
1/20/2022 20:00,0.889027835880954,0.805721681840163,0.670153590977952,0.844151965371507,1,1,1.13820967113372,7,1,0
2/5/2022 22:00,1.67752569485017,0.805721681840163,1.46602866508012,0.14621731024831,2,2,1.52147285667418,2,2,1
1/15/2022 15:00,0.889027835880954,0.805721681840163,0.831444745402713,1.5420866204947,2,2,0.889445882619742,5,2,1
1/16/2022 20:00,0.889027835880954,0.0888848096750298,0.831444745402713,0.495184637809908,2,1,0.889445882619742,6,2,0
2/7/2022 16:00,0.261657944831146,0.422858755087907,1.17705995403658,1.5420866204947,2,1,1.51063384580415,4,1,1
2/3/2022 23:00,0.0739078170296656,0.249330930631646,0.831444745402713,0.844151965371507,1,1,1.11149139006631,7,2,0
2/11/2022 10:00,0.59039515427887,1.02927036079836,0.137366633075441,1.19311929293311,2,1,1.54199179127229,1,1,1
1/26/2022 15:00,0.889027835880954,0.813022643599703,1.09656879979771,0.495184637809908,1,2,1.39147908092945,2,1,0
1/2/2022 8:00,0.875483387930554,0.805721681840163,0.831444745402713,1.5420866204947,2,1,0.889445882619742,5,1,0
1/17/2022 18:00,0.889027835880954,0.215353555802838,1.23240957047631,0.844151965371507,1,1,1.24111080484004,7,2,0
1/1/2022 3:00,0.889027835880954,0.584139080670429,0.831444745402713,0.844151965371507,1,2,0.889445882619742,7,1,0
1/5/2022 15:00,1.50695252485384,0.805721681840163,0.831444745402713,0.844151965371507,1,2,0.689484276591559,3,1,1
1/17/2022 20:00,0.56801602123261,0.824137996975412,0.831444745402713,1.19311929293311,1,1,0.606898603109039,3,1,1
2/3/2022 1:00,0.648962896448912,0.805721681840163,1.72799730876907,0.844151965371507,2,1,0.975280377218395,6,2,1
1/12/2022 0:00,1.5737377164186,0.070276600160106,0.700731801430143,1.5420866204947,1,1,0.889445882619742,7,2,0
